{
	"partitions" : [
		{
			"name" : "Top",
			"pins" : [
				{
					"name" : "Count[0]",
					"strict" : false
				},
				{
					"name" : "Count[1]",
					"strict" : false
				},
				{
					"name" : "Count[2]",
					"strict" : false
				},
				{
					"name" : "Count[3]",
					"strict" : false
				},
				{
					"name" : "clock",
					"strict" : false
				},
				{
					"name" : "clear",
					"strict" : false
				},
				{
					"name" : "enable",
					"strict" : false
				}
			]
		}
	]
}