{
	"partitions" : [
		{
			"name" : "Top",
			"pins" : [
				{
					"name" : "t1[0]",
					"strict" : false
				},
				{
					"name" : "t1[1]",
					"strict" : false
				},
				{
					"name" : "t1[2]",
					"strict" : false
				},
				{
					"name" : "t1[3]",
					"strict" : false
				},
				{
					"name" : "t2[0]",
					"strict" : false
				},
				{
					"name" : "t2[1]",
					"strict" : false
				},
				{
					"name" : "t2[2]",
					"strict" : false
				},
				{
					"name" : "t2[3]",
					"strict" : false
				},
				{
					"name" : "t3[0]",
					"strict" : false
				},
				{
					"name" : "t3[1]",
					"strict" : false
				},
				{
					"name" : "t3[2]",
					"strict" : false
				},
				{
					"name" : "t3[3]",
					"strict" : false
				},
				{
					"name" : "t4[0]",
					"strict" : false
				},
				{
					"name" : "t4[1]",
					"strict" : false
				},
				{
					"name" : "t4[2]",
					"strict" : false
				},
				{
					"name" : "t4[3]",
					"strict" : false
				},
				{
					"name" : "clock",
					"strict" : false
				},
				{
					"name" : "clear",
					"strict" : false
				},
				{
					"name" : "pulso",
					"strict" : false
				}
			]
		}
	]
}