{
	"partitions" : [
		{
			"name" : "Top",
			"pins" : [
				{
					"name" : "saida[0]",
					"strict" : false
				},
				{
					"name" : "saida[1]",
					"strict" : false
				},
				{
					"name" : "saida[2]",
					"strict" : false
				},
				{
					"name" : "saida[3]",
					"strict" : false
				},
				{
					"name" : "RCO",
					"strict" : false
				},
				{
					"name" : "clock",
					"strict" : false
				},
				{
					"name" : "clear",
					"strict" : false
				},
				{
					"name" : "en_registrador",
					"strict" : false
				},
				{
					"name" : "en_contador",
					"strict" : false
				}
			]
		}
	]
}