{
	"partitions" : [
		{
			"name" : "Top",
			"pins" : [
				{
					"name" : "Q0[0]",
					"strict" : false
				},
				{
					"name" : "Q0[1]",
					"strict" : false
				},
				{
					"name" : "Q0[2]",
					"strict" : false
				},
				{
					"name" : "Q0[3]",
					"strict" : false
				},
				{
					"name" : "Q1[0]",
					"strict" : false
				},
				{
					"name" : "Q1[1]",
					"strict" : false
				},
				{
					"name" : "Q1[2]",
					"strict" : false
				},
				{
					"name" : "Q1[3]",
					"strict" : false
				},
				{
					"name" : "Q2[0]",
					"strict" : false
				},
				{
					"name" : "Q2[1]",
					"strict" : false
				},
				{
					"name" : "Q2[2]",
					"strict" : false
				},
				{
					"name" : "Q2[3]",
					"strict" : false
				},
				{
					"name" : "Q3[0]",
					"strict" : false
				},
				{
					"name" : "Q3[1]",
					"strict" : false
				},
				{
					"name" : "Q3[2]",
					"strict" : false
				},
				{
					"name" : "Q3[3]",
					"strict" : false
				},
				{
					"name" : "RCO",
					"strict" : false
				},
				{
					"name" : "enable",
					"strict" : false
				},
				{
					"name" : "clock",
					"strict" : false
				},
				{
					"name" : "clear",
					"strict" : false
				}
			]
		}
	]
}